id,date,elephant_id,temperature_c,humidity_percent,activity_score,health_status,morning_food_kg,evening_food_kg,ai_remark
1,2025-11-06,1,25.3,79.4,0.81,Healthy,96.3,64.2,Historical Gravity Data
2,2025-11-06,2,25.3,79.4,1.2,Healthy,96.9,64.6,Historical Gravity Data
3,2025-11-06,3,25.3,79.4,0.51,Recovering,92.4,61.6,Historical Gravity Data
4,2025-11-06,4,25.3,79.4,0.94,Healthy,92.0,61.3,Historical Gravity Data
5,2025-11-06,5,25.3,79.4,0.91,Recovering,81.0,54.0,Historical Gravity Data
6,2025-11-07,1,27.0,52.8,1.25,Healthy,81.6,54.4,Historical Gravity Data
7,2025-11-07,2,27.0,52.8,1.45,Healthy,84.9,56.6,Historical Gravity Data
8,2025-11-07,3,27.0,52.8,0.85,Recovering,95.5,63.7,Historical Gravity Data
9,2025-11-07,4,27.0,52.8,1.2,Healthy,87.2,58.1,Historical Gravity Data
10,2025-11-07,5,27.0,52.8,0.77,Recovering,89.0,59.3,Historical Gravity Data
11,2025-11-08,1,25.8,56.8,1.01,Healthy,85.7,57.1,Historical Gravity Data
12,2025-11-08,2,25.8,56.8,1.65,Healthy,85.4,56.9,Historical Gravity Data
13,2025-11-08,3,25.8,56.8,0.57,Recovering,88.7,59.1,Historical Gravity Data
14,2025-11-08,4,25.8,56.8,0.85,Healthy,91.8,61.2,Historical Gravity Data
15,2025-11-08,5,25.8,56.8,0.59,Recovering,96.5,64.3,Historical Gravity Data
16,2025-11-09,1,22.0,63.4,0.96,Healthy,86.0,57.3,Historical Gravity Data
17,2025-11-09,2,22.0,63.4,1.59,Healthy,82.1,54.8,Historical Gravity Data
18,2025-11-09,3,22.0,63.4,0.92,Recovering,87.8,58.6,Historical Gravity Data
19,2025-11-09,4,22.0,63.4,0.98,Healthy,96.8,64.5,Historical Gravity Data
20,2025-11-09,5,22.0,63.4,0.78,Recovering,97.8,65.2,Historical Gravity Data
21,2025-11-10,1,24.5,64.9,1.25,Healthy,87.8,58.6,Historical Gravity Data
22,2025-11-10,2,24.5,64.9,1.77,Healthy,98.8,65.9,Historical Gravity Data
23,2025-11-10,3,24.5,64.9,0.98,Recovering,95.9,63.9,Historical Gravity Data
24,2025-11-10,4,24.5,64.9,0.99,Healthy,85.7,57.2,Historical Gravity Data
25,2025-11-10,5,24.5,64.9,0.89,Recovering,94.6,63.1,Historical Gravity Data
26,2025-11-11,1,30.0,65.6,1.09,Healthy,86.9,58.0,Historical Gravity Data
27,2025-11-11,2,30.0,65.6,1.44,Healthy,88.7,59.1,Historical Gravity Data
28,2025-11-11,3,30.0,65.6,0.64,Recovering,98.5,65.7,Historical Gravity Data
29,2025-11-11,4,30.0,65.6,0.96,Healthy,83.4,55.6,Historical Gravity Data
30,2025-11-11,5,30.0,65.6,0.98,Recovering,97.8,65.2,Historical Gravity Data
31,2025-11-12,1,26.4,52.4,1.04,Healthy,96.0,64.0,Historical Gravity Data
32,2025-11-12,2,26.4,52.4,1.41,Healthy,91.0,60.6,Historical Gravity Data
33,2025-11-12,3,26.4,52.4,0.66,Recovering,98.1,65.4,Historical Gravity Data
34,2025-11-12,4,26.4,52.4,1.23,Healthy,83.9,55.9,Historical Gravity Data
35,2025-11-12,5,26.4,52.4,0.78,Recovering,97.3,64.8,Historical Gravity Data
36,2025-11-13,1,29.7,58.2,1.12,Healthy,98.2,65.4,Historical Gravity Data
37,2025-11-13,2,29.7,58.2,1.45,Healthy,91.9,61.3,Historical Gravity Data
38,2025-11-13,3,29.7,58.2,0.86,Recovering,88.8,59.2,Historical Gravity Data
39,2025-11-13,4,29.7,58.2,1.0,Healthy,95.9,64.0,Historical Gravity Data
40,2025-11-13,5,29.7,58.2,0.8,Recovering,95.0,63.3,Historical Gravity Data
41,2025-11-14,1,26.8,75.7,1.12,Healthy,89.4,59.6,Historical Gravity Data
42,2025-11-14,2,26.8,75.7,1.28,Healthy,85.4,56.9,Historical Gravity Data
43,2025-11-14,3,26.8,75.7,0.97,Recovering,93.5,62.3,Historical Gravity Data
44,2025-11-14,4,26.8,75.7,0.98,Healthy,84.6,56.4,Historical Gravity Data
45,2025-11-14,5,26.8,75.7,0.92,Recovering,83.7,55.8,Historical Gravity Data
46,2025-11-15,1,25.5,70.8,1.15,Healthy,85.6,57.1,Historical Gravity Data
47,2025-11-15,2,25.5,70.8,1.65,Healthy,83.1,55.4,Historical Gravity Data
48,2025-11-15,3,25.5,70.8,0.88,Recovering,84.1,56.1,Historical Gravity Data
49,2025-11-15,4,25.5,70.8,1.19,Healthy,89.3,59.6,Historical Gravity Data
50,2025-11-15,5,25.5,70.8,0.74,Recovering,96.1,64.1,Historical Gravity Data
51,2025-11-16,1,25.7,60.9,1.03,Healthy,83.4,55.6,Historical Gravity Data
52,2025-11-16,2,25.7,60.9,1.69,Healthy,93.9,62.6,Historical Gravity Data
53,2025-11-16,3,25.7,60.9,0.69,Recovering,91.9,61.3,Historical Gravity Data
54,2025-11-16,4,25.7,60.9,0.93,Healthy,88.3,58.8,Historical Gravity Data
55,2025-11-16,5,25.7,60.9,0.62,Recovering,93.4,62.3,Historical Gravity Data
56,2025-11-17,1,25.7,76.6,0.92,Healthy,97.1,64.7,Historical Gravity Data
57,2025-11-17,2,25.7,76.6,1.6,Healthy,83.4,55.6,Historical Gravity Data
58,2025-11-17,3,25.7,76.6,0.97,Recovering,89.0,59.4,Historical Gravity Data
59,2025-11-17,4,25.7,76.6,0.81,Healthy,82.0,54.6,Historical Gravity Data
60,2025-11-17,5,25.7,76.6,0.99,Recovering,86.2,57.5,Historical Gravity Data
61,2025-11-18,1,29.2,53.3,1.24,Healthy,97.3,64.9,Historical Gravity Data
62,2025-11-18,2,29.2,53.3,1.31,Healthy,89.8,59.9,Historical Gravity Data
63,2025-11-18,3,29.2,53.3,0.84,Recovering,82.4,54.9,Historical Gravity Data
64,2025-11-18,4,29.2,53.3,0.82,Healthy,92.4,61.6,Historical Gravity Data
65,2025-11-18,5,29.2,53.3,0.97,Recovering,94.0,62.6,Historical Gravity Data
66,2025-11-19,1,27.1,70.9,0.83,Healthy,89.0,59.3,Historical Gravity Data
67,2025-11-19,2,27.1,70.9,1.56,Healthy,97.7,65.2,Historical Gravity Data
68,2025-11-19,3,27.1,70.9,0.92,Recovering,85.2,56.8,Historical Gravity Data
69,2025-11-19,4,27.1,70.9,0.88,Healthy,83.1,55.4,Historical Gravity Data
70,2025-11-19,5,27.1,70.9,0.54,Recovering,92.9,61.9,Historical Gravity Data
71,2025-11-20,1,25.1,75.3,1.07,Healthy,88.9,59.3,Historical Gravity Data
72,2025-11-20,2,25.1,75.3,1.76,Healthy,84.1,56.0,Historical Gravity Data
73,2025-11-20,3,25.1,75.3,0.52,Recovering,93.6,62.4,Historical Gravity Data
74,2025-11-20,4,25.1,75.3,1.18,Healthy,96.4,64.2,Historical Gravity Data
75,2025-11-20,5,25.1,75.3,0.61,Recovering,82.5,55.0,Historical Gravity Data
76,2025-11-21,1,26.3,70.2,1.1,Healthy,81.9,54.6,Historical Gravity Data
77,2025-11-21,2,26.3,70.2,1.52,Healthy,88.8,59.2,Historical Gravity Data
78,2025-11-21,3,26.3,70.2,0.57,Recovering,91.2,60.8,Historical Gravity Data
79,2025-11-21,4,26.3,70.2,1.02,Healthy,90.2,60.1,Historical Gravity Data
80,2025-11-21,5,26.3,70.2,0.87,Recovering,88.1,58.8,Historical Gravity Data
81,2025-11-22,1,20.0,58.5,1.18,Healthy,84.1,56.1,Historical Gravity Data
82,2025-11-22,2,20.0,58.5,1.53,Healthy,96.7,64.5,Historical Gravity Data
83,2025-11-22,3,20.0,58.5,0.58,Recovering,96.7,64.4,Historical Gravity Data
84,2025-11-22,4,20.0,58.5,1.05,Healthy,97.6,65.1,Historical Gravity Data
85,2025-11-22,5,20.0,58.5,0.58,Recovering,84.6,56.4,Historical Gravity Data
86,2025-11-23,1,26.9,61.8,1.04,Healthy,84.1,56.1,Historical Gravity Data
87,2025-11-23,2,26.9,61.8,1.22,Healthy,98.3,65.6,Historical Gravity Data
88,2025-11-23,3,26.9,61.8,0.97,Recovering,88.7,59.1,Historical Gravity Data
89,2025-11-23,4,26.9,61.8,1.02,Healthy,81.3,54.2,Historical Gravity Data
90,2025-11-23,5,26.9,61.8,0.97,Recovering,96.3,64.2,Historical Gravity Data
91,2025-11-24,1,20.2,57.3,1.05,Healthy,91.9,61.2,Historical Gravity Data
92,2025-11-24,2,20.2,57.3,1.71,Healthy,87.7,58.4,Historical Gravity Data
93,2025-11-24,3,20.2,57.3,0.93,Recovering,85.9,57.3,Historical Gravity Data
94,2025-11-24,4,20.2,57.3,0.87,Healthy,93.9,62.6,Historical Gravity Data
95,2025-11-24,5,20.2,57.3,0.72,Recovering,87.7,58.5,Historical Gravity Data
96,2025-11-25,1,25.9,63.3,1.18,Healthy,97.2,64.8,Historical Gravity Data
97,2025-11-25,2,25.9,63.3,1.48,Healthy,86.1,57.4,Historical Gravity Data
98,2025-11-25,3,25.9,63.3,0.92,Recovering,93.1,62.0,Historical Gravity Data
99,2025-11-25,4,25.9,63.3,1.11,Healthy,96.1,64.1,Historical Gravity Data
100,2025-11-25,5,25.9,63.3,0.86,Recovering,99.0,66.0,Historical Gravity Data
101,2025-11-26,1,22.1,59.6,1.08,Healthy,86.4,57.6,Historical Gravity Data
102,2025-11-26,2,22.1,59.6,1.25,Healthy,96.4,64.3,Historical Gravity Data
103,2025-11-26,3,22.1,59.6,0.71,Recovering,92.7,61.8,Historical Gravity Data
104,2025-11-26,4,22.1,59.6,1.26,Healthy,81.5,54.3,Historical Gravity Data
105,2025-11-26,5,22.1,59.6,0.61,Recovering,92.8,61.9,Historical Gravity Data
106,2025-11-27,1,20.6,60.9,0.87,Healthy,91.1,60.7,Historical Gravity Data
107,2025-11-27,2,20.6,60.9,1.73,Healthy,84.2,56.2,Historical Gravity Data
108,2025-11-27,3,20.6,60.9,0.58,Recovering,86.6,57.8,Historical Gravity Data
109,2025-11-27,4,20.6,60.9,1.09,Healthy,95.7,63.8,Historical Gravity Data
110,2025-11-27,5,20.6,60.9,0.89,Recovering,87.1,58.1,Historical Gravity Data
111,2025-11-28,1,21.2,77.9,1.24,Healthy,83.3,55.5,Historical Gravity Data
112,2025-11-28,2,21.2,77.9,1.27,Healthy,98.0,65.3,Historical Gravity Data
113,2025-11-28,3,21.2,77.9,0.84,Recovering,87.7,58.5,Historical Gravity Data
114,2025-11-28,4,21.2,77.9,0.88,Healthy,82.1,54.8,Historical Gravity Data
115,2025-11-28,5,21.2,77.9,0.9,Recovering,97.0,64.7,Historical Gravity Data
116,2025-11-29,1,25.1,70.7,0.82,Healthy,96.1,64.1,Historical Gravity Data
117,2025-11-29,2,25.1,70.7,1.48,Healthy,92.6,61.8,Historical Gravity Data
118,2025-11-29,3,25.1,70.7,0.56,Recovering,88.3,58.9,Historical Gravity Data
119,2025-11-29,4,25.1,70.7,0.88,Healthy,96.0,64.0,Historical Gravity Data
120,2025-11-29,5,25.1,70.7,0.54,Recovering,86.8,57.9,Historical Gravity Data
121,2025-11-30,1,29.8,59.4,1.17,Healthy,91.1,60.7,Historical Gravity Data
122,2025-11-30,2,29.8,59.4,1.74,Healthy,91.5,61.0,Historical Gravity Data
123,2025-11-30,3,29.8,59.4,0.58,Recovering,94.9,63.3,Historical Gravity Data
124,2025-11-30,4,29.8,59.4,1.02,Healthy,84.1,56.1,Historical Gravity Data
125,2025-11-30,5,29.8,59.4,0.81,Recovering,82.5,55.0,Historical Gravity Data
126,2025-12-01,1,22.8,74.2,1.12,Healthy,86.9,58.0,Historical Gravity Data
127,2025-12-01,2,22.8,74.2,1.63,Healthy,92.8,61.9,Historical Gravity Data
128,2025-12-01,3,22.8,74.2,0.66,Recovering,91.8,61.2,Historical Gravity Data
129,2025-12-01,4,22.8,74.2,0.88,Healthy,84.2,56.1,Historical Gravity Data
130,2025-12-01,5,22.8,74.2,0.57,Recovering,91.0,60.7,Historical Gravity Data
131,2025-12-02,1,23.5,64.4,0.89,Healthy,86.0,57.4,Historical Gravity Data
132,2025-12-02,2,23.5,64.4,1.38,Healthy,87.2,58.1,Historical Gravity Data
133,2025-12-02,3,23.5,64.4,0.54,Recovering,86.1,57.4,Historical Gravity Data
134,2025-12-02,4,23.5,64.4,1.21,Healthy,97.2,64.8,Historical Gravity Data
135,2025-12-02,5,23.5,64.4,0.5,Recovering,94.5,63.0,Historical Gravity Data
136,2025-12-03,1,25.9,55.3,1.13,Healthy,91.1,60.8,Historical Gravity Data
137,2025-12-03,2,25.9,55.3,1.69,Healthy,88.6,59.1,Historical Gravity Data
138,2025-12-03,3,25.9,55.3,0.55,Recovering,87.8,58.5,Historical Gravity Data
139,2025-12-03,4,25.9,55.3,0.83,Healthy,82.4,54.9,Historical Gravity Data
140,2025-12-03,5,25.9,55.3,0.72,Recovering,93.4,62.2,Historical Gravity Data
141,2025-12-04,1,28.5,69.5,1.15,Healthy,82.0,54.6,Historical Gravity Data
142,2025-12-04,2,28.5,69.5,1.73,Healthy,83.1,55.4,Historical Gravity Data
143,2025-12-04,3,28.5,69.5,0.94,Recovering,90.0,60.0,Historical Gravity Data
144,2025-12-04,4,28.5,69.5,1.06,Healthy,90.5,60.3,Historical Gravity Data
145,2025-12-04,5,28.5,69.5,0.98,Recovering,91.2,60.8,Historical Gravity Data
146,2025-12-05,1,29.5,79.7,0.8,Healthy,89.9,59.9,Historical Gravity Data
147,2025-12-05,2,29.5,79.7,1.78,Healthy,93.9,62.6,Historical Gravity Data
148,2025-12-05,3,29.5,79.7,0.58,Recovering,90.1,60.1,Historical Gravity Data
149,2025-12-05,4,29.5,79.7,1.16,Healthy,94.9,63.3,Historical Gravity Data
150,2025-12-05,5,29.5,79.7,0.74,Recovering,85.5,57.0,Historical Gravity Data
151,2025-12-06,1,26.2,79.0,0.96,Healthy,97.2,64.8,Historical Gravity Data
152,2025-12-06,2,26.2,79.0,1.3,Healthy,92.0,61.3,Historical Gravity Data
153,2025-12-06,3,26.2,79.0,0.62,Recovering,83.9,55.9,Historical Gravity Data
154,2025-12-06,4,26.2,79.0,0.83,Healthy,82.0,54.7,Historical Gravity Data
155,2025-12-06,5,26.2,79.0,0.75,Recovering,98.9,65.9,Historical Gravity Data
156,2025-12-07,1,21.7,66.2,1.27,Healthy,94.2,62.8,Historical Gravity Data
157,2025-12-07,2,21.7,66.2,1.67,Healthy,90.2,60.1,Historical Gravity Data
158,2025-12-07,3,21.7,66.2,0.88,Recovering,88.0,58.7,Historical Gravity Data
159,2025-12-07,4,21.7,66.2,0.82,Healthy,86.5,57.6,Historical Gravity Data
160,2025-12-07,5,21.7,66.2,0.74,Recovering,96.0,64.0,Historical Gravity Data
161,2025-12-08,1,22.5,55.2,0.95,Healthy,85.8,57.2,Historical Gravity Data
162,2025-12-08,2,22.5,55.2,1.29,Healthy,88.9,59.2,Historical Gravity Data
163,2025-12-08,3,22.5,55.2,0.68,Recovering,93.0,62.0,Historical Gravity Data
164,2025-12-08,4,22.5,55.2,1.06,Healthy,94.9,63.3,Historical Gravity Data
165,2025-12-08,5,22.5,55.2,0.82,Recovering,95.7,63.8,Historical Gravity Data
166,2025-12-09,1,26.5,75.1,1.27,Healthy,92.6,61.8,Historical Gravity Data
167,2025-12-09,2,26.5,75.1,1.45,Healthy,98.6,65.7,Historical Gravity Data
168,2025-12-09,3,26.5,75.1,0.81,Recovering,84.1,56.1,Historical Gravity Data
169,2025-12-09,4,26.5,75.1,0.98,Healthy,83.8,55.8,Historical Gravity Data
170,2025-12-09,5,26.5,75.1,0.57,Recovering,85.9,57.3,Historical Gravity Data
171,2025-12-10,1,22.2,51.4,1.18,Healthy,99.0,66.0,Historical Gravity Data
172,2025-12-10,2,22.2,51.4,1.4,Healthy,81.0,54.0,Historical Gravity Data
173,2025-12-10,3,22.2,51.4,0.56,Recovering,98.3,65.5,Historical Gravity Data
174,2025-12-10,4,22.2,51.4,1.25,Healthy,98.3,65.5,Historical Gravity Data
175,2025-12-10,5,22.2,51.4,0.72,Recovering,89.5,59.6,Historical Gravity Data
176,2025-12-11,1,22.7,71.0,1.22,Healthy,90.0,60.0,Historical Gravity Data
177,2025-12-11,2,22.7,71.0,1.42,Healthy,94.4,63.0,Historical Gravity Data
178,2025-12-11,3,22.7,71.0,0.54,Recovering,97.2,64.8,Historical Gravity Data
179,2025-12-11,4,22.7,71.0,1.13,Healthy,89.3,59.6,Historical Gravity Data
180,2025-12-11,5,22.7,71.0,0.55,Recovering,91.1,60.7,Historical Gravity Data
181,2025-12-12,1,22.4,63.9,1.01,Healthy,81.8,54.5,Historical Gravity Data
182,2025-12-12,2,22.4,63.9,1.52,Healthy,82.4,54.9,Historical Gravity Data
183,2025-12-12,3,22.4,63.9,0.51,Recovering,97.8,65.2,Historical Gravity Data
184,2025-12-12,4,22.4,63.9,1.2,Healthy,93.6,62.4,Historical Gravity Data
185,2025-12-12,5,22.4,63.9,0.5,Recovering,83.4,55.6,Historical Gravity Data
186,2025-12-13,1,28.8,72.6,1.22,Healthy,84.7,56.5,Historical Gravity Data
187,2025-12-13,2,28.8,72.6,1.37,Healthy,85.2,56.8,Historical Gravity Data
188,2025-12-13,3,28.8,72.6,0.65,Recovering,81.6,54.4,Historical Gravity Data
189,2025-12-13,4,28.8,72.6,0.86,Healthy,91.0,60.7,Historical Gravity Data
190,2025-12-13,5,28.8,72.6,0.95,Recovering,87.3,58.2,Historical Gravity Data
191,2025-12-14,1,28.2,79.9,1.05,Healthy,94.8,63.2,Historical Gravity Data
192,2025-12-14,2,28.2,79.9,1.8,Healthy,81.4,54.3,Historical Gravity Data
193,2025-12-14,3,28.2,79.9,0.76,Recovering,99.0,66.0,Historical Gravity Data
194,2025-12-14,4,28.2,79.9,0.96,Healthy,86.8,57.9,Historical Gravity Data
195,2025-12-14,5,28.2,79.9,0.75,Recovering,82.3,54.9,Historical Gravity Data
196,2025-12-15,1,25.3,78.1,1.04,Recovering,81.1,54.1,Historical Gravity Data
197,2025-12-15,2,25.3,78.1,1.43,Healthy,81.2,54.1,Historical Gravity Data
198,2025-12-15,3,25.3,78.1,0.9,Recovering,81.4,54.2,Historical Gravity Data
199,2025-12-15,4,25.3,78.1,1.02,Healthy,83.1,55.4,Historical Gravity Data
200,2025-12-15,5,25.3,78.1,0.7,Recovering,84.3,56.2,Historical Gravity Data
201,2025-12-16,1,25.6,67.1,1.12,Healthy,85.2,56.8,Historical Gravity Data
202,2025-12-16,2,25.6,67.1,1.68,Healthy,89.5,59.7,Historical Gravity Data
203,2025-12-16,3,25.6,67.1,0.76,Recovering,92.9,61.9,Historical Gravity Data
204,2025-12-16,4,25.6,67.1,0.95,Healthy,95.1,63.4,Historical Gravity Data
205,2025-12-16,5,25.6,67.1,0.74,Recovering,84.6,56.4,Historical Gravity Data
206,2025-12-17,1,21.6,59.1,0.85,Healthy,87.7,58.5,Historical Gravity Data
207,2025-12-17,2,21.6,59.1,1.42,Healthy,91.9,61.3,Historical Gravity Data
208,2025-12-17,3,21.6,59.1,0.85,Recovering,82.1,54.7,Historical Gravity Data
209,2025-12-17,4,21.6,59.1,0.87,Healthy,81.1,54.1,Historical Gravity Data
210,2025-12-17,5,21.6,59.1,0.8,Recovering,82.8,55.2,Historical Gravity Data
211,2025-12-18,1,23.1,52.9,0.84,Healthy,82.8,55.2,Historical Gravity Data
212,2025-12-18,2,23.1,52.9,1.53,Healthy,85.9,57.3,Historical Gravity Data
213,2025-12-18,3,23.1,52.9,0.92,Recovering,85.9,57.3,Historical Gravity Data
214,2025-12-18,4,23.1,52.9,1.12,Healthy,95.7,63.8,Historical Gravity Data
215,2025-12-18,5,23.1,52.9,0.57,Recovering,83.4,55.6,Historical Gravity Data
216,2025-12-19,1,26.9,57.8,1.1,Healthy,81.2,54.1,Historical Gravity Data
217,2025-12-19,2,26.9,57.8,1.41,Healthy,87.6,58.4,Historical Gravity Data
218,2025-12-19,3,26.9,57.8,0.54,Recovering,97.5,65.0,Historical Gravity Data
219,2025-12-19,4,26.9,57.8,1.07,Healthy,94.3,62.9,Historical Gravity Data
220,2025-12-19,5,26.9,57.8,0.62,Recovering,91.3,60.9,Historical Gravity Data
221,2025-12-20,1,29.8,55.9,0.99,Healthy,96.5,64.3,Historical Gravity Data
222,2025-12-20,2,29.8,55.9,1.39,Healthy,94.5,63.0,Historical Gravity Data
223,2025-12-20,3,29.8,55.9,0.69,Recovering,90.8,60.5,Historical Gravity Data
224,2025-12-20,4,29.8,55.9,1.09,Healthy,84.0,56.0,Historical Gravity Data
225,2025-12-20,5,29.8,55.9,0.82,Recovering,81.2,54.2,Historical Gravity Data
226,2025-12-21,1,24.7,78.3,1.19,Healthy,96.7,64.4,Historical Gravity Data
227,2025-12-21,2,24.7,78.3,1.36,Healthy,90.4,60.3,Historical Gravity Data
228,2025-12-21,3,24.7,78.3,0.83,Recovering,93.0,62.0,Historical Gravity Data
229,2025-12-21,4,24.7,78.3,1.02,Healthy,95.5,63.7,Historical Gravity Data
230,2025-12-21,5,24.7,78.3,0.62,Recovering,81.5,54.3,Historical Gravity Data
231,2025-12-22,1,23.6,61.5,0.89,Healthy,83.7,55.8,Historical Gravity Data
232,2025-12-22,2,23.6,61.5,1.34,Healthy,89.2,59.5,Historical Gravity Data
233,2025-12-22,3,23.6,61.5,0.64,Recovering,93.0,62.0,Historical Gravity Data
234,2025-12-22,4,23.6,61.5,0.99,Healthy,94.4,62.9,Historical Gravity Data
235,2025-12-22,5,23.6,61.5,0.73,Recovering,97.0,64.7,Historical Gravity Data
236,2025-12-23,1,27.8,54.3,1.26,Healthy,97.2,64.8,Historical Gravity Data
237,2025-12-23,2,27.8,54.3,1.8,Healthy,81.3,54.2,Historical Gravity Data
238,2025-12-23,3,27.8,54.3,0.78,Recovering,89.7,59.8,Historical Gravity Data
239,2025-12-23,4,27.8,54.3,1.24,Healthy,88.6,59.1,Historical Gravity Data
240,2025-12-23,5,27.8,54.3,0.88,Recovering,95.8,63.9,Historical Gravity Data
241,2025-12-24,1,21.4,55.9,1.04,Healthy,82.2,54.8,Historical Gravity Data
242,2025-12-24,2,21.4,55.9,1.41,Healthy,95.0,63.3,Historical Gravity Data
243,2025-12-24,3,21.4,55.9,0.85,Recovering,86.5,57.7,Historical Gravity Data
244,2025-12-24,4,21.4,55.9,1.06,Healthy,87.9,58.6,Historical Gravity Data
245,2025-12-24,5,21.4,55.9,0.69,Recovering,97.3,64.9,Historical Gravity Data
246,2025-12-25,1,27.8,77.0,0.99,Healthy,94.4,63.0,Historical Gravity Data
247,2025-12-25,2,27.8,77.0,1.4,Healthy,82.0,54.7,Historical Gravity Data
248,2025-12-25,3,27.8,77.0,0.71,Recovering,85.3,56.9,Historical Gravity Data
249,2025-12-25,4,27.8,77.0,0.92,Healthy,84.3,56.2,Historical Gravity Data
250,2025-12-25,5,27.8,77.0,0.7,Recovering,97.1,64.8,Historical Gravity Data
251,2025-12-26,1,28.0,62.6,1.26,Healthy,94.3,62.9,Historical Gravity Data
252,2025-12-26,2,28.0,62.6,1.41,Healthy,98.2,65.4,Historical Gravity Data
253,2025-12-26,3,28.0,62.6,0.55,Recovering,90.9,60.6,Historical Gravity Data
254,2025-12-26,4,28.0,62.6,1.22,Healthy,85.7,57.1,Historical Gravity Data
255,2025-12-26,5,28.0,62.6,0.82,Recovering,92.6,61.8,Historical Gravity Data
256,2025-12-27,1,22.8,60.8,0.94,Healthy,89.6,59.7,Historical Gravity Data
257,2025-12-27,2,22.8,60.8,1.75,Healthy,83.5,55.6,Historical Gravity Data
258,2025-12-27,3,22.8,60.8,0.74,Recovering,87.2,58.2,Historical Gravity Data
259,2025-12-27,4,22.8,60.8,1.01,Healthy,81.3,54.2,Historical Gravity Data
260,2025-12-27,5,22.8,60.8,0.62,Recovering,98.2,65.4,Historical Gravity Data
261,2025-12-28,1,25.5,57.7,1.13,Healthy,81.8,54.5,Historical Gravity Data
262,2025-12-28,2,25.5,57.7,1.24,Healthy,94.5,63.0,Historical Gravity Data
263,2025-12-28,3,25.5,57.7,0.93,Recovering,90.2,60.1,Historical Gravity Data
264,2025-12-28,4,25.5,57.7,0.82,Healthy,98.1,65.4,Historical Gravity Data
265,2025-12-28,5,25.5,57.7,0.5,Recovering,95.7,63.8,Historical Gravity Data
266,2025-12-29,1,22.6,69.3,1.23,Healthy,84.7,56.5,Historical Gravity Data
267,2025-12-29,2,22.6,69.3,1.6,Healthy,93.8,62.5,Historical Gravity Data
268,2025-12-29,3,22.6,69.3,0.79,Recovering,89.8,59.9,Historical Gravity Data
269,2025-12-29,4,22.6,69.3,1.26,Healthy,89.5,59.7,Historical Gravity Data
270,2025-12-29,5,22.6,69.3,0.91,Recovering,93.3,62.2,Historical Gravity Data
271,2025-12-30,1,23.7,50.8,0.87,Healthy,87.0,58.0,Historical Gravity Data
272,2025-12-30,2,23.7,50.8,1.65,Healthy,82.4,54.9,Historical Gravity Data
273,2025-12-30,3,23.7,50.8,0.75,Recovering,97.8,65.2,Historical Gravity Data
274,2025-12-30,4,23.7,50.8,1.24,Healthy,98.3,65.6,Historical Gravity Data
275,2025-12-30,5,23.7,50.8,0.65,Recovering,88.3,58.8,Historical Gravity Data
276,2025-12-31,1,21.7,54.2,0.81,Healthy,81.4,54.3,Historical Gravity Data
277,2025-12-31,2,21.7,54.2,1.61,Healthy,95.6,63.8,Historical Gravity Data
278,2025-12-31,3,21.7,54.2,0.91,Recovering,86.9,58.0,Historical Gravity Data
279,2025-12-31,4,21.7,54.2,1.05,Healthy,84.9,56.6,Historical Gravity Data
280,2025-12-31,5,21.7,54.2,0.53,Recovering,86.8,57.9,Historical Gravity Data
281,2026-01-01,1,28.2,73.8,1.14,Healthy,87.3,58.2,Historical Gravity Data
282,2026-01-01,2,28.2,73.8,1.21,Healthy,88.7,59.1,Historical Gravity Data
283,2026-01-01,3,28.2,73.8,0.77,Recovering,96.0,64.0,Historical Gravity Data
284,2026-01-01,4,28.2,73.8,0.86,Healthy,89.7,59.8,Historical Gravity Data
285,2026-01-01,5,28.2,73.8,0.71,Recovering,94.7,63.2,Historical Gravity Data
286,2026-01-02,1,27.8,60.6,1.05,Healthy,95.0,63.4,Historical Gravity Data
287,2026-01-02,2,27.8,60.6,1.39,Healthy,96.8,64.5,Historical Gravity Data
288,2026-01-02,3,27.8,60.6,0.97,Recovering,84.1,56.1,Historical Gravity Data
289,2026-01-02,4,27.8,60.6,1.27,Healthy,82.2,54.8,Historical Gravity Data
290,2026-01-02,5,27.8,60.6,0.97,Weak,88.9,59.2,Historical Gravity Data
291,2026-01-03,1,23.4,50.4,1.17,Healthy,91.9,61.2,Historical Gravity Data
292,2026-01-03,2,23.4,50.4,1.52,Healthy,81.9,54.6,Historical Gravity Data
293,2026-01-03,3,23.4,50.4,0.85,Recovering,81.9,54.6,Historical Gravity Data
294,2026-01-03,4,23.4,50.4,1.11,Healthy,96.1,64.0,Historical Gravity Data
295,2026-01-03,5,23.4,50.4,0.71,Recovering,85.4,56.9,Historical Gravity Data
296,2026-01-04,1,24.7,62.4,1.27,Healthy,88.6,59.1,Historical Gravity Data
297,2026-01-04,2,24.7,62.4,1.69,Healthy,81.6,54.4,Historical Gravity Data
298,2026-01-04,3,24.7,62.4,0.82,Recovering,83.1,55.4,Historical Gravity Data
299,2026-01-04,4,24.7,62.4,1.23,Healthy,93.6,62.4,Historical Gravity Data
300,2026-01-04,5,24.7,62.4,0.54,Recovering,96.1,64.0,Historical Gravity Data
301,2025-11-06,1,29.3,77.8,1.26,Healthy,86.5,57.6,Historical Gravity Data
302,2025-11-06,2,29.3,77.8,1.72,Healthy,92.7,61.8,Historical Gravity Data
303,2025-11-06,3,29.3,77.8,0.9,Recovering,82.6,55.1,Historical Gravity Data
304,2025-11-06,4,29.3,77.8,0.91,Healthy,91.7,61.1,Historical Gravity Data
305,2025-11-06,5,29.3,77.8,0.73,Recovering,92.1,61.4,Historical Gravity Data
306,2025-11-07,1,23.9,58.7,0.84,Healthy,91.2,60.8,Historical Gravity Data
307,2025-11-07,2,23.9,58.7,1.63,Healthy,94.3,62.9,Historical Gravity Data
308,2025-11-07,3,23.9,58.7,0.78,Recovering,87.5,58.3,Historical Gravity Data
309,2025-11-07,4,23.9,58.7,0.82,Healthy,87.3,58.2,Historical Gravity Data
310,2025-11-07,5,23.9,58.7,0.65,Recovering,90.4,60.3,Historical Gravity Data
311,2025-11-08,1,27.8,52.6,1.1,Healthy,88.3,58.9,Historical Gravity Data
312,2025-11-08,2,27.8,52.6,1.43,Healthy,88.2,58.8,Historical Gravity Data
313,2025-11-08,3,27.8,52.6,0.79,Recovering,93.0,62.0,Historical Gravity Data
314,2025-11-08,4,27.8,52.6,0.83,Healthy,90.6,60.4,Historical Gravity Data
315,2025-11-08,5,27.8,52.6,0.56,Weak,97.9,65.3,Historical Gravity Data
316,2025-11-09,1,25.2,76.4,1.29,Healthy,98.6,65.7,Historical Gravity Data
317,2025-11-09,2,25.2,76.4,1.5,Healthy,96.5,64.3,Historical Gravity Data
318,2025-11-09,3,25.2,76.4,0.72,Recovering,83.7,55.8,Historical Gravity Data
319,2025-11-09,4,25.2,76.4,1.23,Healthy,91.2,60.8,Historical Gravity Data
320,2025-11-09,5,25.2,76.4,0.63,Recovering,85.8,57.2,Historical Gravity Data
321,2025-11-10,1,27.3,54.8,0.9,Healthy,98.2,65.5,Historical Gravity Data
322,2025-11-10,2,27.3,54.8,1.52,Healthy,91.6,61.1,Historical Gravity Data
323,2025-11-10,3,27.3,54.8,0.8,Recovering,82.8,55.2,Historical Gravity Data
324,2025-11-10,4,27.3,54.8,1.02,Healthy,96.7,64.5,Historical Gravity Data
325,2025-11-10,5,27.3,54.8,0.84,Recovering,84.7,56.5,Historical Gravity Data
326,2025-11-11,1,26.7,73.7,1.13,Healthy,85.3,56.9,Historical Gravity Data
327,2025-11-11,2,26.7,73.7,1.65,Healthy,89.3,59.5,Historical Gravity Data
328,2025-11-11,3,26.7,73.7,0.7,Recovering,96.1,64.1,Historical Gravity Data
329,2025-11-11,4,26.7,73.7,0.9,Healthy,95.2,63.4,Historical Gravity Data
330,2025-11-11,5,26.7,73.7,0.86,Recovering,82.9,55.2,Historical Gravity Data
331,2025-11-12,1,22.1,73.3,0.96,Healthy,87.2,58.1,Historical Gravity Data
332,2025-11-12,2,22.1,73.3,1.21,Healthy,94.3,62.9,Historical Gravity Data
333,2025-11-12,3,22.1,73.3,0.86,Recovering,82.3,54.9,Historical Gravity Data
334,2025-11-12,4,22.1,73.3,1.14,Healthy,93.4,62.3,Historical Gravity Data
335,2025-11-12,5,22.1,73.3,0.56,Recovering,94.3,62.9,Historical Gravity Data
336,2025-11-13,1,24.8,56.0,1.25,Healthy,96.7,64.4,Historical Gravity Data
337,2025-11-13,2,24.8,56.0,1.4,Healthy,89.3,59.5,Historical Gravity Data
338,2025-11-13,3,24.8,56.0,0.97,Recovering,96.2,64.1,Historical Gravity Data
339,2025-11-13,4,24.8,56.0,1.2,Healthy,97.9,65.2,Historical Gravity Data
340,2025-11-13,5,24.8,56.0,0.65,Recovering,90.6,60.4,Historical Gravity Data
341,2025-11-14,1,21.1,63.6,1.25,Healthy,95.3,63.5,Historical Gravity Data
342,2025-11-14,2,21.1,63.6,1.64,Healthy,91.9,61.3,Historical Gravity Data
343,2025-11-14,3,21.1,63.6,0.59,Recovering,98.6,65.8,Historical Gravity Data
344,2025-11-14,4,21.1,63.6,1.12,Healthy,91.7,61.1,Historical Gravity Data
345,2025-11-14,5,21.1,63.6,0.77,Recovering,98.9,65.9,Historical Gravity Data
346,2025-11-15,1,21.8,63.0,1.12,Healthy,84.8,56.6,Historical Gravity Data
347,2025-11-15,2,21.8,63.0,1.71,Healthy,96.1,64.0,Historical Gravity Data
348,2025-11-15,3,21.8,63.0,0.98,Recovering,83.8,55.9,Historical Gravity Data
349,2025-11-15,4,21.8,63.0,1.25,Healthy,83.8,55.8,Historical Gravity Data
350,2025-11-15,5,21.8,63.0,0.9,Recovering,92.3,61.6,Historical Gravity Data
351,2025-11-16,1,20.3,50.7,1.22,Healthy,86.0,57.4,Historical Gravity Data
352,2025-11-16,2,20.3,50.7,1.65,Healthy,84.0,56.0,Historical Gravity Data
353,2025-11-16,3,20.3,50.7,0.6,Recovering,88.1,58.7,Historical Gravity Data
354,2025-11-16,4,20.3,50.7,0.85,Healthy,88.4,58.9,Historical Gravity Data
355,2025-11-16,5,20.3,50.7,0.97,Recovering,97.3,64.9,Historical Gravity Data
356,2025-11-17,1,28.6,61.8,0.82,Healthy,89.3,59.6,Historical Gravity Data
357,2025-11-17,2,28.6,61.8,1.63,Healthy,92.1,61.4,Historical Gravity Data
358,2025-11-17,3,28.6,61.8,0.9,Recovering,93.7,62.5,Historical Gravity Data
359,2025-11-17,4,28.6,61.8,0.81,Healthy,98.4,65.6,Historical Gravity Data
360,2025-11-17,5,28.6,61.8,0.97,Recovering,86.8,57.9,Historical Gravity Data
361,2025-11-18,1,26.3,69.7,0.95,Healthy,88.7,59.1,Historical Gravity Data
362,2025-11-18,2,26.3,69.7,1.79,Healthy,86.4,57.6,Historical Gravity Data
363,2025-11-18,3,26.3,69.7,0.6,Recovering,90.5,60.4,Historical Gravity Data
364,2025-11-18,4,26.3,69.7,1.15,Healthy,88.2,58.8,Historical Gravity Data
365,2025-11-18,5,26.3,69.7,0.8,Recovering,88.4,58.9,Historical Gravity Data
366,2025-11-19,1,25.0,57.7,1.29,Healthy,84.5,56.4,Historical Gravity Data
367,2025-11-19,2,25.0,57.7,1.43,Healthy,95.8,63.8,Historical Gravity Data
368,2025-11-19,3,25.0,57.7,0.74,Recovering,84.1,56.0,Historical Gravity Data
369,2025-11-19,4,25.0,57.7,1.07,Healthy,94.4,62.9,Historical Gravity Data
370,2025-11-19,5,25.0,57.7,0.73,Recovering,90.2,60.1,Historical Gravity Data
371,2025-11-20,1,21.7,76.3,1.25,Healthy,92.9,61.9,Historical Gravity Data
372,2025-11-20,2,21.7,76.3,1.61,Healthy,88.4,59.0,Historical Gravity Data
373,2025-11-20,3,21.7,76.3,0.73,Recovering,93.2,62.2,Historical Gravity Data
374,2025-11-20,4,21.7,76.3,1.03,Healthy,88.7,59.2,Historical Gravity Data
375,2025-11-20,5,21.7,76.3,0.93,Recovering,94.1,62.7,Historical Gravity Data
376,2025-11-21,1,29.3,75.3,1.15,Healthy,86.6,57.7,Historical Gravity Data
377,2025-11-21,2,29.3,75.3,1.46,Healthy,86.8,57.9,Historical Gravity Data
378,2025-11-21,3,29.3,75.3,0.82,Recovering,89.0,59.4,Historical Gravity Data
379,2025-11-21,4,29.3,75.3,1.12,Healthy,84.9,56.6,Historical Gravity Data
380,2025-11-21,5,29.3,75.3,0.79,Recovering,86.2,57.5,Historical Gravity Data
381,2025-11-22,1,22.0,79.8,1.09,Healthy,92.4,61.6,Historical Gravity Data
382,2025-11-22,2,22.0,79.8,1.74,Healthy,85.6,57.1,Historical Gravity Data
383,2025-11-22,3,22.0,79.8,0.61,Recovering,89.8,59.9,Historical Gravity Data
384,2025-11-22,4,22.0,79.8,1.19,Healthy,94.6,63.1,Historical Gravity Data
385,2025-11-22,5,22.0,79.8,0.95,Recovering,87.5,58.3,Historical Gravity Data
386,2025-11-23,1,25.5,53.3,0.8,Healthy,98.0,65.3,Historical Gravity Data
387,2025-11-23,2,25.5,53.3,1.7,Healthy,82.8,55.2,Historical Gravity Data
388,2025-11-23,3,25.5,53.3,0.74,Recovering,87.1,58.1,Historical Gravity Data
389,2025-11-23,4,25.5,53.3,0.83,Healthy,82.0,54.6,Historical Gravity Data
390,2025-11-23,5,25.5,53.3,0.98,Recovering,95.3,63.5,Historical Gravity Data
391,2025-11-24,1,25.3,55.9,1.08,Recovering,89.5,59.7,Historical Gravity Data
392,2025-11-24,2,25.3,55.9,1.65,Healthy,90.4,60.2,Historical Gravity Data
393,2025-11-24,3,25.3,55.9,0.68,Recovering,91.0,60.7,Historical Gravity Data
394,2025-11-24,4,25.3,55.9,0.96,Healthy,86.6,57.7,Historical Gravity Data
395,2025-11-24,5,25.3,55.9,0.87,Recovering,84.6,56.4,Historical Gravity Data
396,2025-11-25,1,21.7,64.7,0.83,Healthy,94.1,62.7,Historical Gravity Data
397,2025-11-25,2,21.7,64.7,1.69,Healthy,92.0,61.3,Historical Gravity Data
398,2025-11-25,3,21.7,64.7,0.97,Recovering,93.5,62.4,Historical Gravity Data
399,2025-11-25,4,21.7,64.7,1.18,Healthy,92.5,61.7,Historical Gravity Data
400,2025-11-25,5,21.7,64.7,0.93,Recovering,96.5,64.4,Historical Gravity Data
401,2025-11-26,1,21.1,79.5,0.84,Healthy,92.7,61.8,Historical Gravity Data
402,2025-11-26,2,21.1,79.5,1.52,Healthy,85.2,56.8,Historical Gravity Data
403,2025-11-26,3,21.1,79.5,0.78,Recovering,89.5,59.7,Historical Gravity Data
404,2025-11-26,4,21.1,79.5,1.04,Healthy,98.3,65.5,Historical Gravity Data
405,2025-11-26,5,21.1,79.5,0.61,Recovering,89.1,59.4,Historical Gravity Data
406,2025-11-27,1,27.4,58.0,0.86,Healthy,93.4,62.2,Historical Gravity Data
407,2025-11-27,2,27.4,58.0,1.25,Healthy,94.1,62.7,Historical Gravity Data
408,2025-11-27,3,27.4,58.0,0.93,Recovering,84.9,56.6,Historical Gravity Data
409,2025-11-27,4,27.4,58.0,0.93,Healthy,83.7,55.8,Historical Gravity Data
410,2025-11-27,5,27.4,58.0,0.99,Recovering,93.3,62.2,Historical Gravity Data
411,2025-11-28,1,25.5,62.9,1.25,Healthy,83.8,55.9,Historical Gravity Data
412,2025-11-28,2,25.5,62.9,1.77,Healthy,94.5,63.0,Historical Gravity Data
413,2025-11-28,3,25.5,62.9,0.53,Recovering,96.5,64.3,Historical Gravity Data
414,2025-11-28,4,25.5,62.9,1.18,Healthy,88.4,58.9,Historical Gravity Data
415,2025-11-28,5,25.5,62.9,0.54,Recovering,97.8,65.2,Historical Gravity Data
416,2025-11-29,1,20.9,54.2,1.24,Healthy,95.3,63.5,Historical Gravity Data
417,2025-11-29,2,20.9,54.2,1.78,Healthy,91.0,60.7,Historical Gravity Data
418,2025-11-29,3,20.9,54.2,0.94,Recovering,89.1,59.4,Historical Gravity Data
419,2025-11-29,4,20.9,54.2,1.28,Healthy,85.2,56.8,Historical Gravity Data
420,2025-11-29,5,20.9,54.2,0.82,Recovering,84.0,56.0,Historical Gravity Data
421,2025-11-30,1,22.3,64.1,1.22,Healthy,93.1,62.1,Historical Gravity Data
422,2025-11-30,2,22.3,64.1,1.71,Healthy,93.9,62.6,Historical Gravity Data
423,2025-11-30,3,22.3,64.1,0.81,Recovering,83.8,55.9,Historical Gravity Data
424,2025-11-30,4,22.3,64.1,1.23,Healthy,84.6,56.4,Historical Gravity Data
425,2025-11-30,5,22.3,64.1,0.6,Recovering,84.6,56.4,Historical Gravity Data
426,2025-12-01,1,20.2,72.7,0.81,Healthy,83.1,55.4,Historical Gravity Data
427,2025-12-01,2,20.2,72.7,1.73,Healthy,93.5,62.4,Historical Gravity Data
428,2025-12-01,3,20.2,72.7,0.59,Recovering,91.8,61.2,Historical Gravity Data
429,2025-12-01,4,20.2,72.7,1.2,Healthy,98.7,65.8,Historical Gravity Data
430,2025-12-01,5,20.2,72.7,0.79,Recovering,96.1,64.0,Historical Gravity Data
431,2025-12-02,1,26.5,68.6,1.16,Healthy,86.3,57.6,Historical Gravity Data
432,2025-12-02,2,26.5,68.6,1.29,Healthy,90.7,60.5,Historical Gravity Data
433,2025-12-02,3,26.5,68.6,1.0,Recovering,98.7,65.8,Historical Gravity Data
434,2025-12-02,4,26.5,68.6,0.93,Healthy,98.5,65.7,Historical Gravity Data
435,2025-12-02,5,26.5,68.6,0.52,Recovering,90.6,60.4,Historical Gravity Data
436,2025-12-03,1,25.9,74.0,0.85,Healthy,81.1,54.1,Historical Gravity Data
437,2025-12-03,2,25.9,74.0,1.41,Healthy,98.2,65.5,Historical Gravity Data
438,2025-12-03,3,25.9,74.0,0.97,Recovering,82.7,55.1,Historical Gravity Data
439,2025-12-03,4,25.9,74.0,1.04,Healthy,88.1,58.8,Historical Gravity Data
440,2025-12-03,5,25.9,74.0,0.71,Recovering,83.2,55.5,Historical Gravity Data
441,2025-12-04,1,21.6,72.9,0.85,Healthy,98.9,65.9,Historical Gravity Data
442,2025-12-04,2,21.6,72.9,1.46,Healthy,81.6,54.4,Historical Gravity Data
443,2025-12-04,3,21.6,72.9,0.72,Recovering,96.6,64.4,Historical Gravity Data
444,2025-12-04,4,21.6,72.9,0.87,Healthy,98.5,65.7,Historical Gravity Data
445,2025-12-04,5,21.6,72.9,0.86,Recovering,82.9,55.3,Historical Gravity Data
446,2025-12-05,1,26.9,70.5,0.93,Healthy,93.0,62.0,Historical Gravity Data
447,2025-12-05,2,26.9,70.5,1.39,Healthy,83.1,55.4,Historical Gravity Data
448,2025-12-05,3,26.9,70.5,0.82,Recovering,98.7,65.8,Historical Gravity Data
449,2025-12-05,4,26.9,70.5,1.09,Healthy,82.7,55.1,Historical Gravity Data
450,2025-12-05,5,26.9,70.5,0.51,Recovering,94.1,62.7,Historical Gravity Data
451,2025-12-06,1,28.2,50.0,1.12,Healthy,82.8,55.2,Historical Gravity Data
452,2025-12-06,2,28.2,50.0,1.59,Healthy,81.7,54.5,Historical Gravity Data
453,2025-12-06,3,28.2,50.0,0.78,Recovering,93.3,62.2,Historical Gravity Data
454,2025-12-06,4,28.2,50.0,0.99,Healthy,89.5,59.7,Historical Gravity Data
455,2025-12-06,5,28.2,50.0,0.84,Recovering,83.4,55.6,Historical Gravity Data
456,2025-12-07,1,30.0,75.5,1.25,Healthy,87.3,58.2,Historical Gravity Data
457,2025-12-07,2,30.0,75.5,1.64,Healthy,87.6,58.4,Historical Gravity Data
458,2025-12-07,3,30.0,75.5,0.51,Recovering,90.3,60.2,Historical Gravity Data
459,2025-12-07,4,30.0,75.5,1.16,Healthy,84.0,56.0,Historical Gravity Data
460,2025-12-07,5,30.0,75.5,0.98,Recovering,90.9,60.6,Historical Gravity Data
461,2025-12-08,1,24.1,53.8,0.92,Healthy,94.2,62.8,Historical Gravity Data
462,2025-12-08,2,24.1,53.8,1.4,Healthy,86.1,57.4,Historical Gravity Data
463,2025-12-08,3,24.1,53.8,0.66,Recovering,81.7,54.5,Historical Gravity Data
464,2025-12-08,4,24.1,53.8,0.96,Healthy,90.3,60.2,Historical Gravity Data
465,2025-12-08,5,24.1,53.8,0.78,Recovering,91.7,61.2,Historical Gravity Data
466,2025-12-09,1,22.0,66.7,1.17,Healthy,84.7,56.5,Historical Gravity Data
467,2025-12-09,2,22.0,66.7,1.74,Healthy,90.0,60.0,Historical Gravity Data
468,2025-12-09,3,22.0,66.7,0.6,Recovering,88.3,58.9,Historical Gravity Data
469,2025-12-09,4,22.0,66.7,0.86,Healthy,93.7,62.5,Historical Gravity Data
470,2025-12-09,5,22.0,66.7,0.68,Recovering,90.5,60.3,Historical Gravity Data
471,2025-12-10,1,24.2,55.4,0.93,Healthy,98.3,65.5,Historical Gravity Data
472,2025-12-10,2,24.2,55.4,1.39,Healthy,94.4,62.9,Historical Gravity Data
473,2025-12-10,3,24.2,55.4,0.57,Recovering,83.4,55.6,Historical Gravity Data
474,2025-12-10,4,24.2,55.4,1.02,Healthy,90.0,60.0,Historical Gravity Data
475,2025-12-10,5,24.2,55.4,0.55,Recovering,91.3,60.9,Historical Gravity Data
476,2025-12-11,1,24.0,56.6,1.27,Healthy,92.4,61.6,Historical Gravity Data
477,2025-12-11,2,24.0,56.6,1.27,Healthy,84.6,56.4,Historical Gravity Data
478,2025-12-11,3,24.0,56.6,0.59,Recovering,89.6,59.7,Historical Gravity Data
479,2025-12-11,4,24.0,56.6,1.07,Healthy,86.9,58.0,Historical Gravity Data
480,2025-12-11,5,24.0,56.6,0.86,Recovering,96.1,64.1,Historical Gravity Data
481,2025-12-12,1,27.6,59.6,1.05,Healthy,83.3,55.6,Historical Gravity Data
482,2025-12-12,2,27.6,59.6,1.34,Healthy,93.3,62.2,Historical Gravity Data
483,2025-12-12,3,27.6,59.6,0.82,Recovering,81.8,54.5,Historical Gravity Data
484,2025-12-12,4,27.6,59.6,0.86,Healthy,91.1,60.7,Historical Gravity Data
485,2025-12-12,5,27.6,59.6,0.91,Recovering,88.1,58.7,Historical Gravity Data
486,2025-12-13,1,24.8,78.2,0.89,Healthy,90.3,60.2,Historical Gravity Data
487,2025-12-13,2,24.8,78.2,1.28,Healthy,84.3,56.2,Historical Gravity Data
488,2025-12-13,3,24.8,78.2,0.5,Recovering,86.5,57.7,Historical Gravity Data
489,2025-12-13,4,24.8,78.2,0.91,Healthy,85.6,57.0,Historical Gravity Data
490,2025-12-13,5,24.8,78.2,0.55,Recovering,98.0,65.3,Historical Gravity Data
491,2025-12-14,1,26.3,73.7,1.2,Healthy,97.2,64.8,Historical Gravity Data
492,2025-12-14,2,26.3,73.7,1.44,Healthy,97.8,65.2,Historical Gravity Data
493,2025-12-14,3,26.3,73.7,0.85,Recovering,90.9,60.6,Historical Gravity Data
494,2025-12-14,4,26.3,73.7,1.12,Healthy,82.2,54.8,Historical Gravity Data
495,2025-12-14,5,26.3,73.7,0.7,Recovering,85.8,57.2,Historical Gravity Data
496,2025-12-15,1,28.0,65.1,1.3,Healthy,84.0,56.0,Historical Gravity Data
497,2025-12-15,2,28.0,65.1,1.5,Healthy,96.0,64.0,Historical Gravity Data
498,2025-12-15,3,28.0,65.1,0.51,Recovering,90.1,60.1,Historical Gravity Data
499,2025-12-15,4,28.0,65.1,1.06,Healthy,85.6,57.1,Historical Gravity Data
500,2025-12-15,5,28.0,65.1,0.86,Recovering,83.0,55.4,Historical Gravity Data
501,2025-12-16,1,21.1,62.0,1.3,Healthy,97.7,65.1,Historical Gravity Data
502,2025-12-16,2,21.1,62.0,1.35,Healthy,90.9,60.6,Historical Gravity Data
503,2025-12-16,3,21.1,62.0,0.96,Recovering,87.5,58.3,Historical Gravity Data
504,2025-12-16,4,21.1,62.0,1.03,Healthy,83.8,55.9,Historical Gravity Data
505,2025-12-16,5,21.1,62.0,0.98,Recovering,85.9,57.3,Historical Gravity Data
506,2025-12-17,1,25.7,58.3,0.87,Healthy,83.4,55.6,Historical Gravity Data
507,2025-12-17,2,25.7,58.3,1.3,Healthy,82.4,54.9,Historical Gravity Data
508,2025-12-17,3,25.7,58.3,0.67,Recovering,83.6,55.7,Historical Gravity Data
509,2025-12-17,4,25.7,58.3,1.22,Healthy,94.4,62.9,Historical Gravity Data
510,2025-12-17,5,25.7,58.3,0.84,Recovering,90.1,60.1,Historical Gravity Data
511,2025-12-18,1,22.2,56.4,0.81,Healthy,89.4,59.6,Historical Gravity Data
512,2025-12-18,2,22.2,56.4,1.79,Healthy,98.0,65.3,Historical Gravity Data
513,2025-12-18,3,22.2,56.4,0.78,Recovering,82.0,54.7,Historical Gravity Data
514,2025-12-18,4,22.2,56.4,1.17,Healthy,97.5,65.0,Historical Gravity Data
515,2025-12-18,5,22.2,56.4,0.65,Recovering,93.9,62.6,Historical Gravity Data
516,2025-12-19,1,23.1,78.5,0.91,Healthy,85.3,56.9,Historical Gravity Data
517,2025-12-19,2,23.1,78.5,1.75,Healthy,90.3,60.2,Historical Gravity Data
518,2025-12-19,3,23.1,78.5,0.77,Recovering,86.9,58.0,Historical Gravity Data
519,2025-12-19,4,23.1,78.5,0.97,Healthy,92.7,61.8,Historical Gravity Data
520,2025-12-19,5,23.1,78.5,0.72,Weak,83.7,55.8,Historical Gravity Data
521,2025-12-20,1,28.6,53.7,0.83,Healthy,94.1,62.7,Historical Gravity Data
522,2025-12-20,2,28.6,53.7,1.3,Healthy,98.6,65.8,Historical Gravity Data
523,2025-12-20,3,28.6,53.7,0.67,Recovering,91.2,60.8,Historical Gravity Data
524,2025-12-20,4,28.6,53.7,0.88,Healthy,81.1,54.1,Historical Gravity Data
525,2025-12-20,5,28.6,53.7,0.69,Recovering,85.8,57.2,Historical Gravity Data
526,2025-12-21,1,29.3,72.9,0.88,Healthy,92.5,61.7,Historical Gravity Data
527,2025-12-21,2,29.3,72.9,1.67,Healthy,95.6,63.7,Historical Gravity Data
528,2025-12-21,3,29.3,72.9,0.86,Recovering,92.7,61.8,Historical Gravity Data
529,2025-12-21,4,29.3,72.9,1.13,Healthy,90.2,60.1,Historical Gravity Data
530,2025-12-21,5,29.3,72.9,0.56,Recovering,89.1,59.4,Historical Gravity Data
531,2025-12-22,1,26.8,76.9,0.93,Healthy,97.4,64.9,Historical Gravity Data
532,2025-12-22,2,26.8,76.9,1.26,Healthy,94.6,63.1,Historical Gravity Data
533,2025-12-22,3,26.8,76.9,0.92,Recovering,90.9,60.6,Historical Gravity Data
534,2025-12-22,4,26.8,76.9,0.82,Healthy,92.9,61.9,Historical Gravity Data
535,2025-12-22,5,26.8,76.9,0.76,Recovering,87.4,58.2,Historical Gravity Data
536,2025-12-23,1,20.8,75.2,0.8,Healthy,86.4,57.6,Historical Gravity Data
537,2025-12-23,2,20.8,75.2,1.67,Healthy,94.4,62.9,Historical Gravity Data
538,2025-12-23,3,20.8,75.2,0.7,Recovering,95.4,63.6,Historical Gravity Data
539,2025-12-23,4,20.8,75.2,0.98,Healthy,90.0,60.0,Historical Gravity Data
540,2025-12-23,5,20.8,75.2,0.7,Recovering,93.5,62.4,Historical Gravity Data
541,2025-12-24,1,24.5,73.1,1.06,Healthy,88.6,59.1,Historical Gravity Data
542,2025-12-24,2,24.5,73.1,1.34,Healthy,95.6,63.7,Historical Gravity Data
543,2025-12-24,3,24.5,73.1,0.68,Recovering,92.9,61.9,Historical Gravity Data
544,2025-12-24,4,24.5,73.1,0.99,Healthy,96.6,64.4,Historical Gravity Data
545,2025-12-24,5,24.5,73.1,0.65,Recovering,85.2,56.8,Historical Gravity Data
546,2025-12-25,1,24.4,60.2,0.89,Healthy,81.9,54.6,Historical Gravity Data
547,2025-12-25,2,24.4,60.2,1.54,Healthy,95.7,63.8,Historical Gravity Data
548,2025-12-25,3,24.4,60.2,0.53,Recovering,84.5,56.3,Historical Gravity Data
549,2025-12-25,4,24.4,60.2,0.91,Healthy,96.8,64.5,Historical Gravity Data
550,2025-12-25,5,24.4,60.2,0.62,Recovering,84.1,56.0,Historical Gravity Data
551,2025-12-26,1,28.2,74.4,1.25,Healthy,94.6,63.1,Historical Gravity Data
552,2025-12-26,2,28.2,74.4,1.32,Healthy,89.5,59.7,Historical Gravity Data
553,2025-12-26,3,28.2,74.4,0.62,Recovering,91.5,61.0,Historical Gravity Data
554,2025-12-26,4,28.2,74.4,1.22,Healthy,95.4,63.6,Historical Gravity Data
555,2025-12-26,5,28.2,74.4,0.54,Recovering,88.0,58.7,Historical Gravity Data
556,2025-12-27,1,24.0,50.6,1.15,Healthy,93.8,62.5,Historical Gravity Data
557,2025-12-27,2,24.0,50.6,1.58,Healthy,95.0,63.3,Historical Gravity Data
558,2025-12-27,3,24.0,50.6,0.79,Recovering,94.1,62.7,Historical Gravity Data
559,2025-12-27,4,24.0,50.6,0.98,Healthy,93.2,62.2,Historical Gravity Data
560,2025-12-27,5,24.0,50.6,0.86,Recovering,96.2,64.1,Historical Gravity Data
561,2025-12-28,1,27.0,73.8,1.18,Healthy,94.4,62.9,Historical Gravity Data
562,2025-12-28,2,27.0,73.8,1.24,Healthy,94.7,63.1,Historical Gravity Data
563,2025-12-28,3,27.0,73.8,0.73,Recovering,97.4,65.0,Historical Gravity Data
564,2025-12-28,4,27.0,73.8,1.16,Healthy,86.2,57.5,Historical Gravity Data
565,2025-12-28,5,27.0,73.8,0.8,Recovering,89.6,59.7,Historical Gravity Data
566,2025-12-29,1,27.9,71.8,1.05,Healthy,97.3,64.9,Historical Gravity Data
567,2025-12-29,2,27.9,71.8,1.34,Healthy,87.6,58.4,Historical Gravity Data
568,2025-12-29,3,27.9,71.8,0.71,Recovering,89.0,59.3,Historical Gravity Data
569,2025-12-29,4,27.9,71.8,0.87,Healthy,93.2,62.1,Historical Gravity Data
570,2025-12-29,5,27.9,71.8,0.58,Recovering,98.9,66.0,Historical Gravity Data
571,2025-12-30,1,26.0,69.0,0.95,Healthy,96.1,64.0,Historical Gravity Data
572,2025-12-30,2,26.0,69.0,1.63,Healthy,85.1,56.8,Historical Gravity Data
573,2025-12-30,3,26.0,69.0,0.94,Recovering,96.6,64.4,Historical Gravity Data
574,2025-12-30,4,26.0,69.0,1.13,Healthy,90.6,60.4,Historical Gravity Data
575,2025-12-30,5,26.0,69.0,0.52,Recovering,98.7,65.8,Historical Gravity Data
576,2025-12-31,1,28.1,50.5,1.16,Healthy,96.5,64.3,Historical Gravity Data
577,2025-12-31,2,28.1,50.5,1.38,Healthy,81.7,54.5,Historical Gravity Data
578,2025-12-31,3,28.1,50.5,0.94,Recovering,90.8,60.5,Historical Gravity Data
579,2025-12-31,4,28.1,50.5,0.86,Healthy,88.8,59.2,Historical Gravity Data
580,2025-12-31,5,28.1,50.5,0.57,Recovering,88.2,58.8,Historical Gravity Data
581,2026-01-01,1,25.6,54.3,0.92,Healthy,88.7,59.1,Historical Gravity Data
582,2026-01-01,2,25.6,54.3,1.56,Healthy,96.2,64.1,Historical Gravity Data
583,2026-01-01,3,25.6,54.3,0.65,Recovering,88.9,59.3,Historical Gravity Data
584,2026-01-01,4,25.6,54.3,0.82,Healthy,86.0,57.4,Historical Gravity Data
585,2026-01-01,5,25.6,54.3,0.72,Recovering,99.0,66.0,Historical Gravity Data
586,2026-01-02,1,28.2,70.4,1.17,Healthy,81.9,54.6,Historical Gravity Data
587,2026-01-02,2,28.2,70.4,1.38,Healthy,93.2,62.1,Historical Gravity Data
588,2026-01-02,3,28.2,70.4,0.88,Recovering,97.6,65.0,Historical Gravity Data
589,2026-01-02,4,28.2,70.4,1.02,Healthy,93.9,62.6,Historical Gravity Data
590,2026-01-02,5,28.2,70.4,0.59,Recovering,84.7,56.5,Historical Gravity Data
591,2026-01-03,1,29.9,77.3,0.81,Healthy,92.3,61.5,Historical Gravity Data
592,2026-01-03,2,29.9,77.3,1.48,Healthy,98.6,65.8,Historical Gravity Data
593,2026-01-03,3,29.9,77.3,0.98,Recovering,96.8,64.5,Historical Gravity Data
594,2026-01-03,4,29.9,77.3,1.0,Healthy,94.0,62.7,Historical Gravity Data
595,2026-01-03,5,29.9,77.3,0.63,Recovering,85.0,56.7,Historical Gravity Data
596,2026-01-04,1,27.1,58.5,1.15,Healthy,89.0,59.4,Historical Gravity Data
597,2026-01-04,2,27.1,58.5,1.74,Healthy,88.0,58.7,Historical Gravity Data
598,2026-01-04,3,27.1,58.5,0.52,Recovering,93.0,62.0,Historical Gravity Data
599,2026-01-04,4,27.1,58.5,0.83,Healthy,96.6,64.4,Historical Gravity Data
600,2026-01-04,5,27.1,58.5,0.57,Recovering,97.8,65.2,Historical Gravity Data
601,2025-11-06,1,27.9,64.7,1.11,Healthy,90.8,60.6,Historical Gravity Data
602,2025-11-06,2,27.9,64.7,1.63,Healthy,82.1,54.7,Historical Gravity Data
603,2025-11-06,3,27.9,64.7,0.52,Recovering,94.3,62.8,Historical Gravity Data
604,2025-11-06,4,27.9,64.7,1.27,Healthy,84.3,56.2,Historical Gravity Data
605,2025-11-06,5,27.9,64.7,0.9,Recovering,97.9,65.2,Historical Gravity Data
606,2025-11-07,1,26.3,56.9,0.88,Healthy,94.5,63.0,Historical Gravity Data
607,2025-11-07,2,26.3,56.9,1.51,Healthy,81.6,54.4,Historical Gravity Data
608,2025-11-07,3,26.3,56.9,0.78,Recovering,92.7,61.8,Historical Gravity Data
609,2025-11-07,4,26.3,56.9,0.85,Healthy,95.2,63.5,Historical Gravity Data
610,2025-11-07,5,26.3,56.9,0.93,Recovering,94.5,63.0,Historical Gravity Data
611,2025-11-08,1,26.8,71.5,0.8,Healthy,92.7,61.8,Historical Gravity Data
612,2025-11-08,2,26.8,71.5,1.23,Healthy,97.9,65.3,Historical Gravity Data
613,2025-11-08,3,26.8,71.5,0.91,Recovering,83.0,55.3,Historical Gravity Data
614,2025-11-08,4,26.8,71.5,1.25,Healthy,82.9,55.3,Historical Gravity Data
615,2025-11-08,5,26.8,71.5,0.55,Recovering,95.5,63.7,Historical Gravity Data
616,2025-11-09,1,20.9,77.5,0.91,Healthy,92.5,61.7,Historical Gravity Data
617,2025-11-09,2,20.9,77.5,1.79,Healthy,93.0,62.0,Historical Gravity Data
618,2025-11-09,3,20.9,77.5,0.86,Recovering,83.2,55.5,Historical Gravity Data
619,2025-11-09,4,20.9,77.5,0.98,Healthy,87.6,58.4,Historical Gravity Data
620,2025-11-09,5,20.9,77.5,0.94,Recovering,81.4,54.3,Historical Gravity Data
621,2025-11-10,1,29.0,75.2,0.82,Healthy,95.5,63.6,Historical Gravity Data
622,2025-11-10,2,29.0,75.2,1.79,Healthy,95.3,63.5,Historical Gravity Data
623,2025-11-10,3,29.0,75.2,0.68,Recovering,88.0,58.6,Historical Gravity Data
624,2025-11-10,4,29.0,75.2,0.95,Healthy,82.1,54.7,Historical Gravity Data
625,2025-11-10,5,29.0,75.2,0.61,Recovering,95.9,63.9,Historical Gravity Data
626,2025-11-11,1,23.5,74.2,1.02,Healthy,82.7,55.1,Historical Gravity Data
627,2025-11-11,2,23.5,74.2,1.43,Healthy,87.0,58.0,Historical Gravity Data
628,2025-11-11,3,23.5,74.2,0.6,Recovering,85.4,56.9,Historical Gravity Data
629,2025-11-11,4,23.5,74.2,0.89,Healthy,82.1,54.7,Historical Gravity Data
630,2025-11-11,5,23.5,74.2,0.92,Recovering,88.6,59.1,Historical Gravity Data
631,2025-11-12,1,27.2,74.4,0.91,Healthy,89.5,59.7,Historical Gravity Data
632,2025-11-12,2,27.2,74.4,1.43,Healthy,90.4,60.2,Historical Gravity Data
633,2025-11-12,3,27.2,74.4,0.95,Recovering,97.1,64.7,Historical Gravity Data
634,2025-11-12,4,27.2,74.4,0.83,Healthy,93.7,62.4,Historical Gravity Data
635,2025-11-12,5,27.2,74.4,0.89,Recovering,90.5,60.3,Historical Gravity Data
636,2025-11-13,1,28.2,71.8,0.81,Healthy,91.5,61.0,Historical Gravity Data
637,2025-11-13,2,28.2,71.8,1.64,Healthy,98.4,65.6,Historical Gravity Data
638,2025-11-13,3,28.2,71.8,0.72,Recovering,93.3,62.2,Historical Gravity Data
639,2025-11-13,4,28.2,71.8,0.94,Healthy,88.8,59.2,Historical Gravity Data
640,2025-11-13,5,28.2,71.8,0.8,Recovering,84.6,56.4,Historical Gravity Data
641,2025-11-14,1,27.1,61.8,1.0,Healthy,86.3,57.5,Historical Gravity Data
642,2025-11-14,2,27.1,61.8,1.75,Healthy,97.3,64.9,Historical Gravity Data
643,2025-11-14,3,27.1,61.8,0.89,Recovering,98.8,65.9,Historical Gravity Data
644,2025-11-14,4,27.1,61.8,1.22,Healthy,88.8,59.2,Historical Gravity Data
645,2025-11-14,5,27.1,61.8,0.88,Recovering,97.2,64.8,Historical Gravity Data
646,2025-11-15,1,21.0,57.0,0.8,Healthy,91.6,61.1,Historical Gravity Data
647,2025-11-15,2,21.0,57.0,1.47,Healthy,93.3,62.2,Historical Gravity Data
648,2025-11-15,3,21.0,57.0,0.84,Recovering,96.0,64.0,Historical Gravity Data
649,2025-11-15,4,21.0,57.0,1.23,Healthy,87.4,58.3,Historical Gravity Data
650,2025-11-15,5,21.0,57.0,0.51,Recovering,98.0,65.4,Historical Gravity Data
651,2025-11-16,1,20.6,71.9,1.17,Healthy,98.7,65.8,Historical Gravity Data
652,2025-11-16,2,20.6,71.9,1.78,Healthy,86.4,57.6,Historical Gravity Data
653,2025-11-16,3,20.6,71.9,0.96,Recovering,89.4,59.6,Historical Gravity Data
654,2025-11-16,4,20.6,71.9,1.17,Healthy,84.0,56.0,Historical Gravity Data
655,2025-11-16,5,20.6,71.9,0.96,Recovering,94.2,62.8,Historical Gravity Data
656,2025-11-17,1,20.4,73.3,1.27,Healthy,87.9,58.6,Historical Gravity Data
657,2025-11-17,2,20.4,73.3,1.56,Healthy,96.9,64.6,Historical Gravity Data
658,2025-11-17,3,20.4,73.3,0.53,Recovering,92.2,61.4,Historical Gravity Data
659,2025-11-17,4,20.4,73.3,1.08,Healthy,93.0,62.0,Historical Gravity Data
660,2025-11-17,5,20.4,73.3,0.58,Recovering,86.4,57.6,Historical Gravity Data
661,2025-11-18,1,29.7,71.3,1.24,Healthy,84.4,56.3,Historical Gravity Data
662,2025-11-18,2,29.7,71.3,1.42,Healthy,95.8,63.8,Historical Gravity Data
663,2025-11-18,3,29.7,71.3,0.71,Recovering,93.0,62.0,Historical Gravity Data
664,2025-11-18,4,29.7,71.3,1.01,Healthy,86.0,57.3,Historical Gravity Data
665,2025-11-18,5,29.7,71.3,0.58,Recovering,93.3,62.2,Historical Gravity Data
666,2025-11-19,1,21.9,77.1,0.8,Healthy,83.5,55.7,Historical Gravity Data
667,2025-11-19,2,21.9,77.1,1.74,Healthy,92.7,61.8,Historical Gravity Data
668,2025-11-19,3,21.9,77.1,0.87,Recovering,95.6,63.7,Historical Gravity Data
669,2025-11-19,4,21.9,77.1,1.12,Healthy,88.0,58.7,Historical Gravity Data
670,2025-11-19,5,21.9,77.1,0.88,Recovering,88.5,59.0,Historical Gravity Data
671,2025-11-20,1,29.6,51.6,0.88,Healthy,95.5,63.7,Historical Gravity Data
672,2025-11-20,2,29.6,51.6,1.34,Healthy,96.0,64.0,Historical Gravity Data
673,2025-11-20,3,29.6,51.6,0.66,Recovering,97.1,64.8,Historical Gravity Data
674,2025-11-20,4,29.6,51.6,1.07,Healthy,84.3,56.2,Historical Gravity Data
675,2025-11-20,5,29.6,51.6,0.94,Recovering,90.0,60.0,Historical Gravity Data
676,2025-11-21,1,28.2,53.6,1.28,Healthy,90.2,60.1,Historical Gravity Data
677,2025-11-21,2,28.2,53.6,1.68,Healthy,90.8,60.6,Historical Gravity Data
678,2025-11-21,3,28.2,53.6,0.87,Recovering,84.1,56.0,Historical Gravity Data
679,2025-11-21,4,28.2,53.6,1.1,Healthy,86.0,57.4,Historical Gravity Data
680,2025-11-21,5,28.2,53.6,0.98,Recovering,84.3,56.2,Historical Gravity Data
681,2025-11-22,1,25.3,52.3,1.07,Healthy,93.8,62.6,Historical Gravity Data
682,2025-11-22,2,25.3,52.3,1.56,Healthy,96.8,64.5,Historical Gravity Data
683,2025-11-22,3,25.3,52.3,1.0,Recovering,95.7,63.8,Historical Gravity Data
684,2025-11-22,4,25.3,52.3,0.98,Healthy,95.8,63.8,Historical Gravity Data
685,2025-11-22,5,25.3,52.3,0.85,Recovering,97.2,64.8,Historical Gravity Data
686,2025-11-23,1,29.9,79.9,1.25,Healthy,96.5,64.3,Historical Gravity Data
687,2025-11-23,2,29.9,79.9,1.39,Healthy,82.5,55.0,Historical Gravity Data
688,2025-11-23,3,29.9,79.9,0.8,Recovering,83.7,55.8,Historical Gravity Data
689,2025-11-23,4,29.9,79.9,0.92,Healthy,97.4,65.0,Historical Gravity Data
690,2025-11-23,5,29.9,79.9,0.64,Recovering,88.2,58.8,Historical Gravity Data
691,2025-11-24,1,23.2,78.6,0.87,Healthy,90.1,60.1,Historical Gravity Data
692,2025-11-24,2,23.2,78.6,1.66,Healthy,96.4,64.3,Historical Gravity Data
693,2025-11-24,3,23.2,78.6,0.62,Recovering,98.6,65.7,Historical Gravity Data
694,2025-11-24,4,23.2,78.6,1.04,Healthy,97.0,64.7,Historical Gravity Data
695,2025-11-24,5,23.2,78.6,0.79,Recovering,85.1,56.7,Historical Gravity Data
696,2025-11-25,1,24.9,62.6,0.94,Healthy,83.9,55.9,Historical Gravity Data
697,2025-11-25,2,24.9,62.6,1.36,Healthy,83.1,55.4,Historical Gravity Data
698,2025-11-25,3,24.9,62.6,0.99,Recovering,92.3,61.5,Historical Gravity Data
699,2025-11-25,4,24.9,62.6,0.83,Healthy,96.8,64.5,Historical Gravity Data
700,2025-11-25,5,24.9,62.6,0.6,Recovering,85.9,57.3,Historical Gravity Data
701,2025-11-26,1,26.7,70.0,0.96,Healthy,86.9,57.9,Historical Gravity Data
702,2025-11-26,2,26.7,70.0,1.45,Healthy,87.6,58.4,Historical Gravity Data
703,2025-11-26,3,26.7,70.0,0.63,Recovering,83.8,55.9,Historical Gravity Data
704,2025-11-26,4,26.7,70.0,0.95,Healthy,85.1,56.7,Historical Gravity Data
705,2025-11-26,5,26.7,70.0,0.98,Recovering,87.3,58.2,Historical Gravity Data
706,2025-11-27,1,22.4,63.6,0.93,Healthy,82.5,55.0,Historical Gravity Data
707,2025-11-27,2,22.4,63.6,1.36,Healthy,96.2,64.1,Historical Gravity Data
708,2025-11-27,3,22.4,63.6,0.9,Recovering,95.9,64.0,Historical Gravity Data
709,2025-11-27,4,22.4,63.6,1.22,Healthy,81.1,54.0,Historical Gravity Data
710,2025-11-27,5,22.4,63.6,0.53,Recovering,81.1,54.0,Historical Gravity Data
711,2025-11-28,1,28.4,58.2,0.83,Healthy,93.1,62.1,Historical Gravity Data
712,2025-11-28,2,28.4,58.2,1.21,Healthy,96.8,64.5,Historical Gravity Data
713,2025-11-28,3,28.4,58.2,0.63,Recovering,90.8,60.5,Historical Gravity Data
714,2025-11-28,4,28.4,58.2,1.06,Healthy,91.9,61.3,Historical Gravity Data
715,2025-11-28,5,28.4,58.2,0.83,Recovering,83.6,55.7,Historical Gravity Data
716,2025-11-29,1,23.3,66.7,0.86,Healthy,98.1,65.4,Historical Gravity Data
717,2025-11-29,2,23.3,66.7,1.58,Healthy,88.8,59.2,Historical Gravity Data
718,2025-11-29,3,23.3,66.7,0.74,Recovering,89.2,59.5,Historical Gravity Data
719,2025-11-29,4,23.3,66.7,0.93,Healthy,97.1,64.8,Historical Gravity Data
720,2025-11-29,5,23.3,66.7,0.82,Recovering,90.2,60.1,Historical Gravity Data
721,2025-11-30,1,25.1,58.0,1.09,Healthy,97.9,65.2,Historical Gravity Data
722,2025-11-30,2,25.1,58.0,1.44,Healthy,81.4,54.2,Historical Gravity Data
723,2025-11-30,3,25.1,58.0,0.52,Recovering,88.2,58.8,Historical Gravity Data
724,2025-11-30,4,25.1,58.0,1.05,Healthy,89.7,59.8,Historical Gravity Data
725,2025-11-30,5,25.1,58.0,0.84,Recovering,93.0,62.0,Historical Gravity Data
726,2025-12-01,1,21.6,72.0,0.81,Healthy,86.2,57.5,Historical Gravity Data
727,2025-12-01,2,21.6,72.0,1.46,Healthy,85.3,56.9,Historical Gravity Data
728,2025-12-01,3,21.6,72.0,0.55,Recovering,87.5,58.4,Historical Gravity Data
729,2025-12-01,4,21.6,72.0,1.12,Healthy,96.6,64.4,Historical Gravity Data
730,2025-12-01,5,21.6,72.0,0.85,Recovering,87.0,58.0,Historical Gravity Data
731,2025-12-02,1,28.1,50.3,0.94,Healthy,81.8,54.5,Historical Gravity Data
732,2025-12-02,2,28.1,50.3,1.51,Healthy,83.1,55.4,Historical Gravity Data
733,2025-12-02,3,28.1,50.3,0.53,Recovering,95.4,63.6,Historical Gravity Data
734,2025-12-02,4,28.1,50.3,0.8,Healthy,86.8,57.8,Historical Gravity Data
735,2025-12-02,5,28.1,50.3,0.65,Recovering,81.3,54.2,Historical Gravity Data
736,2025-12-03,1,20.4,55.9,0.88,Healthy,82.9,55.3,Historical Gravity Data
737,2025-12-03,2,20.4,55.9,1.53,Healthy,95.2,63.4,Historical Gravity Data
738,2025-12-03,3,20.4,55.9,0.96,Recovering,95.3,63.5,Historical Gravity Data
739,2025-12-03,4,20.4,55.9,0.93,Healthy,84.7,56.5,Historical Gravity Data
740,2025-12-03,5,20.4,55.9,0.73,Recovering,92.5,61.7,Historical Gravity Data
741,2025-12-04,1,23.5,78.3,1.12,Healthy,92.7,61.8,Historical Gravity Data
742,2025-12-04,2,23.5,78.3,1.44,Healthy,89.1,59.4,Historical Gravity Data
743,2025-12-04,3,23.5,78.3,0.98,Recovering,84.2,56.1,Historical Gravity Data
744,2025-12-04,4,23.5,78.3,0.81,Healthy,87.1,58.1,Historical Gravity Data
745,2025-12-04,5,23.5,78.3,0.65,Recovering,90.9,60.6,Historical Gravity Data
746,2025-12-05,1,26.3,71.3,1.27,Healthy,90.5,60.3,Historical Gravity Data
747,2025-12-05,2,26.3,71.3,1.46,Healthy,92.2,61.5,Historical Gravity Data
748,2025-12-05,3,26.3,71.3,0.8,Recovering,98.1,65.4,Historical Gravity Data
749,2025-12-05,4,26.3,71.3,1.14,Healthy,92.7,61.8,Historical Gravity Data
750,2025-12-05,5,26.3,71.3,0.54,Recovering,86.3,57.6,Historical Gravity Data
751,2025-12-06,1,21.1,64.6,1.18,Healthy,98.6,65.7,Historical Gravity Data
752,2025-12-06,2,21.1,64.6,1.34,Healthy,98.2,65.5,Historical Gravity Data
753,2025-12-06,3,21.1,64.6,0.68,Recovering,93.3,62.2,Historical Gravity Data
754,2025-12-06,4,21.1,64.6,1.13,Healthy,82.1,54.7,Historical Gravity Data
755,2025-12-06,5,21.1,64.6,0.67,Recovering,83.5,55.7,Historical Gravity Data
756,2025-12-07,1,28.7,72.4,1.02,Healthy,97.8,65.2,Historical Gravity Data
757,2025-12-07,2,28.7,72.4,1.45,Healthy,98.0,65.4,Historical Gravity Data
758,2025-12-07,3,28.7,72.4,0.94,Recovering,81.6,54.4,Historical Gravity Data
759,2025-12-07,4,28.7,72.4,1.02,Healthy,83.8,55.9,Historical Gravity Data
760,2025-12-07,5,28.7,72.4,0.87,Recovering,91.7,61.2,Historical Gravity Data
761,2025-12-08,1,23.5,61.8,1.17,Healthy,91.0,60.7,Historical Gravity Data
762,2025-12-08,2,23.5,61.8,1.34,Healthy,89.4,59.6,Historical Gravity Data
763,2025-12-08,3,23.5,61.8,0.7,Recovering,83.6,55.8,Historical Gravity Data
764,2025-12-08,4,23.5,61.8,1.2,Healthy,94.3,62.9,Historical Gravity Data
765,2025-12-08,5,23.5,61.8,0.85,Recovering,90.9,60.6,Historical Gravity Data
766,2025-12-09,1,23.4,77.9,0.97,Healthy,93.0,62.0,Historical Gravity Data
767,2025-12-09,2,23.4,77.9,1.29,Healthy,86.3,57.5,Historical Gravity Data
768,2025-12-09,3,23.4,77.9,0.84,Recovering,84.8,56.5,Historical Gravity Data
769,2025-12-09,4,23.4,77.9,1.15,Healthy,95.2,63.4,Historical Gravity Data
770,2025-12-09,5,23.4,77.9,0.6,Recovering,90.8,60.5,Historical Gravity Data
771,2025-12-10,1,24.7,60.1,0.94,Healthy,83.8,55.9,Historical Gravity Data
772,2025-12-10,2,24.7,60.1,1.4,Healthy,84.4,56.3,Historical Gravity Data
773,2025-12-10,3,24.7,60.1,0.99,Recovering,97.7,65.1,Historical Gravity Data
774,2025-12-10,4,24.7,60.1,1.17,Healthy,81.6,54.4,Historical Gravity Data
775,2025-12-10,5,24.7,60.1,0.7,Recovering,95.2,63.5,Historical Gravity Data
776,2025-12-11,1,24.2,63.6,1.07,Healthy,91.2,60.8,Historical Gravity Data
777,2025-12-11,2,24.2,63.6,1.48,Healthy,86.7,57.8,Historical Gravity Data
778,2025-12-11,3,24.2,63.6,0.87,Recovering,84.0,56.0,Historical Gravity Data
779,2025-12-11,4,24.2,63.6,1.26,Healthy,96.4,64.2,Historical Gravity Data
780,2025-12-11,5,24.2,63.6,0.72,Recovering,90.2,60.1,Historical Gravity Data
781,2025-12-12,1,28.3,56.8,1.06,Healthy,86.8,57.9,Historical Gravity Data
782,2025-12-12,2,28.3,56.8,1.31,Healthy,92.9,61.9,Historical Gravity Data
783,2025-12-12,3,28.3,56.8,0.6,Recovering,87.2,58.1,Historical Gravity Data
784,2025-12-12,4,28.3,56.8,1.03,Healthy,92.4,61.6,Historical Gravity Data
785,2025-12-12,5,28.3,56.8,0.89,Recovering,92.8,61.9,Historical Gravity Data
786,2025-12-13,1,22.4,66.3,0.95,Healthy,92.9,61.9,Historical Gravity Data
787,2025-12-13,2,22.4,66.3,1.72,Healthy,93.0,62.0,Historical Gravity Data
788,2025-12-13,3,22.4,66.3,0.84,Recovering,98.4,65.6,Historical Gravity Data
789,2025-12-13,4,22.4,66.3,1.17,Healthy,96.1,64.1,Historical Gravity Data
790,2025-12-13,5,22.4,66.3,0.7,Recovering,92.7,61.8,Historical Gravity Data
791,2025-12-14,1,22.4,71.9,1.13,Healthy,91.5,61.0,Historical Gravity Data
792,2025-12-14,2,22.4,71.9,1.73,Healthy,95.6,63.7,Historical Gravity Data
793,2025-12-14,3,22.4,71.9,0.83,Recovering,95.0,63.3,Historical Gravity Data
794,2025-12-14,4,22.4,71.9,0.99,Healthy,86.9,57.9,Historical Gravity Data
795,2025-12-14,5,22.4,71.9,0.83,Recovering,96.9,64.6,Historical Gravity Data
796,2025-12-15,1,23.7,65.5,0.89,Healthy,87.5,58.4,Historical Gravity Data
797,2025-12-15,2,23.7,65.5,1.6,Healthy,86.7,57.8,Historical Gravity Data
798,2025-12-15,3,23.7,65.5,0.93,Recovering,97.0,64.7,Historical Gravity Data
799,2025-12-15,4,23.7,65.5,1.17,Healthy,92.3,61.5,Historical Gravity Data
800,2025-12-15,5,23.7,65.5,0.55,Recovering,87.3,58.2,Historical Gravity Data
801,2025-12-16,1,24.2,60.9,0.86,Healthy,91.2,60.8,Historical Gravity Data
802,2025-12-16,2,24.2,60.9,1.44,Healthy,81.4,54.3,Historical Gravity Data
803,2025-12-16,3,24.2,60.9,0.92,Recovering,92.5,61.7,Historical Gravity Data
804,2025-12-16,4,24.2,60.9,1.21,Healthy,95.5,63.6,Historical Gravity Data
805,2025-12-16,5,24.2,60.9,0.78,Recovering,86.3,57.5,Historical Gravity Data
806,2025-12-17,1,21.7,77.6,1.11,Healthy,94.0,62.7,Historical Gravity Data
807,2025-12-17,2,21.7,77.6,1.25,Healthy,88.3,58.9,Historical Gravity Data
808,2025-12-17,3,21.7,77.6,0.64,Recovering,89.0,59.3,Historical Gravity Data
809,2025-12-17,4,21.7,77.6,0.96,Healthy,94.7,63.2,Historical Gravity Data
810,2025-12-17,5,21.7,77.6,0.87,Recovering,88.6,59.0,Historical Gravity Data
811,2025-12-18,1,24.4,66.1,0.88,Healthy,83.0,55.3,Historical Gravity Data
812,2025-12-18,2,24.4,66.1,1.22,Healthy,93.4,62.3,Historical Gravity Data
813,2025-12-18,3,24.4,66.1,0.65,Recovering,98.4,65.6,Historical Gravity Data
814,2025-12-18,4,24.4,66.1,1.25,Healthy,81.8,54.5,Historical Gravity Data
815,2025-12-18,5,24.4,66.1,0.82,Recovering,96.1,64.0,Historical Gravity Data
816,2025-12-19,1,23.0,54.0,0.82,Healthy,98.2,65.4,Historical Gravity Data
817,2025-12-19,2,23.0,54.0,1.56,Healthy,97.3,64.9,Historical Gravity Data
818,2025-12-19,3,23.0,54.0,0.97,Recovering,89.9,59.9,Historical Gravity Data
819,2025-12-19,4,23.0,54.0,1.22,Healthy,86.2,57.5,Historical Gravity Data
820,2025-12-19,5,23.0,54.0,0.82,Recovering,91.4,60.9,Historical Gravity Data
821,2025-12-20,1,21.7,58.3,1.01,Healthy,96.2,64.1,Historical Gravity Data
822,2025-12-20,2,21.7,58.3,1.4,Healthy,84.8,56.5,Historical Gravity Data
823,2025-12-20,3,21.7,58.3,1.0,Recovering,86.2,57.5,Historical Gravity Data
824,2025-12-20,4,21.7,58.3,1.27,Healthy,95.8,63.9,Historical Gravity Data
825,2025-12-20,5,21.7,58.3,0.72,Recovering,82.8,55.2,Historical Gravity Data
826,2025-12-21,1,22.1,57.0,1.17,Healthy,87.2,58.1,Historical Gravity Data
827,2025-12-21,2,22.1,57.0,1.3,Healthy,89.8,59.9,Historical Gravity Data
828,2025-12-21,3,22.1,57.0,0.96,Recovering,91.6,61.1,Historical Gravity Data
829,2025-12-21,4,22.1,57.0,1.15,Healthy,81.4,54.3,Historical Gravity Data
830,2025-12-21,5,22.1,57.0,0.76,Recovering,81.3,54.2,Historical Gravity Data
831,2025-12-22,1,25.6,68.1,1.21,Healthy,83.3,55.5,Historical Gravity Data
832,2025-12-22,2,25.6,68.1,1.77,Healthy,92.4,61.6,Historical Gravity Data
833,2025-12-22,3,25.6,68.1,0.86,Recovering,87.4,58.3,Historical Gravity Data
834,2025-12-22,4,25.6,68.1,1.04,Healthy,93.5,62.3,Historical Gravity Data
835,2025-12-22,5,25.6,68.1,0.79,Recovering,89.9,60.0,Historical Gravity Data
836,2025-12-23,1,21.8,54.7,1.07,Healthy,85.6,57.1,Historical Gravity Data
837,2025-12-23,2,21.8,54.7,1.62,Healthy,86.5,57.7,Historical Gravity Data
838,2025-12-23,3,21.8,54.7,0.74,Recovering,93.3,62.2,Historical Gravity Data
839,2025-12-23,4,21.8,54.7,1.21,Healthy,97.2,64.8,Historical Gravity Data
840,2025-12-23,5,21.8,54.7,0.68,Recovering,90.9,60.6,Historical Gravity Data
841,2025-12-24,1,24.2,54.1,1.03,Healthy,91.3,60.9,Historical Gravity Data
842,2025-12-24,2,24.2,54.1,1.72,Healthy,86.1,57.4,Historical Gravity Data
843,2025-12-24,3,24.2,54.1,0.64,Recovering,98.1,65.4,Historical Gravity Data
844,2025-12-24,4,24.2,54.1,1.11,Healthy,86.2,57.4,Historical Gravity Data
845,2025-12-24,5,24.2,54.1,0.82,Recovering,95.5,63.7,Historical Gravity Data
846,2025-12-25,1,29.8,79.9,0.87,Healthy,93.1,62.1,Historical Gravity Data
847,2025-12-25,2,29.8,79.9,1.24,Healthy,94.5,63.0,Historical Gravity Data
848,2025-12-25,3,29.8,79.9,0.8,Recovering,91.0,60.7,Historical Gravity Data
849,2025-12-25,4,29.8,79.9,1.11,Healthy,87.6,58.4,Historical Gravity Data
850,2025-12-25,5,29.8,79.9,0.51,Recovering,96.8,64.6,Historical Gravity Data
851,2025-12-26,1,26.4,69.6,1.11,Healthy,81.9,54.6,Historical Gravity Data
852,2025-12-26,2,26.4,69.6,1.59,Healthy,94.5,63.0,Historical Gravity Data
853,2025-12-26,3,26.4,69.6,0.5,Recovering,96.7,64.5,Historical Gravity Data
854,2025-12-26,4,26.4,69.6,0.91,Healthy,93.7,62.5,Historical Gravity Data
855,2025-12-26,5,26.4,69.6,0.98,Weak,83.1,55.4,Historical Gravity Data
856,2025-12-27,1,27.8,77.2,1.25,Healthy,97.0,64.7,Historical Gravity Data
857,2025-12-27,2,27.8,77.2,1.5,Healthy,92.5,61.6,Historical Gravity Data
858,2025-12-27,3,27.8,77.2,0.8,Recovering,92.0,61.3,Historical Gravity Data
859,2025-12-27,4,27.8,77.2,1.08,Healthy,98.8,65.8,Historical Gravity Data
860,2025-12-27,5,27.8,77.2,0.9,Recovering,92.2,61.5,Historical Gravity Data
861,2025-12-28,1,21.2,60.9,0.96,Healthy,82.2,54.8,Historical Gravity Data
862,2025-12-28,2,21.2,60.9,1.28,Healthy,86.2,57.5,Historical Gravity Data
863,2025-12-28,3,21.2,60.9,0.8,Recovering,88.8,59.2,Historical Gravity Data
864,2025-12-28,4,21.2,60.9,1.21,Healthy,89.7,59.8,Historical Gravity Data
865,2025-12-28,5,21.2,60.9,0.6,Recovering,86.2,57.4,Historical Gravity Data
866,2025-12-29,1,29.5,63.8,1.23,Healthy,97.1,64.8,Historical Gravity Data
867,2025-12-29,2,29.5,63.8,1.72,Healthy,92.9,62.0,Historical Gravity Data
868,2025-12-29,3,29.5,63.8,0.73,Recovering,85.1,56.7,Historical Gravity Data
869,2025-12-29,4,29.5,63.8,1.23,Healthy,94.3,62.9,Historical Gravity Data
870,2025-12-29,5,29.5,63.8,0.65,Recovering,85.9,57.2,Historical Gravity Data
871,2025-12-30,1,24.6,59.7,1.12,Healthy,86.6,57.7,Historical Gravity Data
872,2025-12-30,2,24.6,59.7,1.58,Healthy,81.3,54.2,Historical Gravity Data
873,2025-12-30,3,24.6,59.7,0.53,Recovering,98.9,65.9,Historical Gravity Data
874,2025-12-30,4,24.6,59.7,1.25,Healthy,83.1,55.4,Historical Gravity Data
875,2025-12-30,5,24.6,59.7,0.63,Recovering,85.4,57.0,Historical Gravity Data
876,2025-12-31,1,28.4,58.9,0.9,Healthy,90.1,60.1,Historical Gravity Data
877,2025-12-31,2,28.4,58.9,1.44,Healthy,83.3,55.5,Historical Gravity Data
878,2025-12-31,3,28.4,58.9,0.53,Recovering,81.4,54.2,Historical Gravity Data
879,2025-12-31,4,28.4,58.9,0.97,Healthy,86.1,57.4,Historical Gravity Data
880,2025-12-31,5,28.4,58.9,0.56,Recovering,96.9,64.6,Historical Gravity Data
881,2026-01-01,1,28.6,61.4,1.01,Healthy,90.1,60.1,Historical Gravity Data
882,2026-01-01,2,28.6,61.4,1.71,Healthy,83.6,55.7,Historical Gravity Data
883,2026-01-01,3,28.6,61.4,0.67,Recovering,85.4,57.0,Historical Gravity Data
884,2026-01-01,4,28.6,61.4,0.93,Healthy,94.3,62.9,Historical Gravity Data
885,2026-01-01,5,28.6,61.4,0.84,Recovering,93.5,62.4,Historical Gravity Data
886,2026-01-02,1,21.6,57.3,1.13,Healthy,83.3,55.5,Historical Gravity Data
887,2026-01-02,2,21.6,57.3,1.72,Healthy,95.4,63.6,Historical Gravity Data
888,2026-01-02,3,21.6,57.3,0.69,Recovering,97.7,65.2,Historical Gravity Data
889,2026-01-02,4,21.6,57.3,1.03,Healthy,90.3,60.2,Historical Gravity Data
890,2026-01-02,5,21.6,57.3,0.64,Recovering,94.1,62.7,Historical Gravity Data
891,2026-01-03,1,20.5,56.1,1.13,Healthy,88.2,58.8,Historical Gravity Data
892,2026-01-03,2,20.5,56.1,1.44,Healthy,81.8,54.5,Historical Gravity Data
893,2026-01-03,3,20.5,56.1,0.8,Recovering,81.8,54.5,Historical Gravity Data
894,2026-01-03,4,20.5,56.1,0.81,Healthy,81.4,54.3,Historical Gravity Data
895,2026-01-03,5,20.5,56.1,0.8,Recovering,96.8,64.6,Historical Gravity Data
896,2026-01-04,1,26.9,71.3,1.19,Healthy,83.2,55.5,Historical Gravity Data
897,2026-01-04,2,26.9,71.3,1.38,Healthy,85.6,57.1,Historical Gravity Data
898,2026-01-04,3,26.9,71.3,0.97,Recovering,84.0,56.0,Historical Gravity Data
899,2026-01-04,4,26.9,71.3,1.21,Healthy,82.5,55.0,Historical Gravity Data
900,2026-01-04,5,26.9,71.3,0.75,Recovering,83.0,55.3,Historical Gravity Data
